ticker,name,operating_profit,year,positive
141219,카자엔터테인먼트,20202.0,2024,True
500984,아마차엔터테인먼트,13550.5,2024,True
727983,가아엔터테인먼트,9334.0,2024,True
694797,가하이노베이션,8354.7,2024,True
707511,하나솔루션,8092.6,2024,True
690978,사카자홀딩스,7819.1,2024,True
618974,타카홀딩스,7579.2,2024,True
425368,차가시스템즈,6904.7,2024,True
228777,마아가시스템즈,6603.5,2024,True
597361,차다테크,6402.2,2024,True
481219,가카솔루션,6185.4,2024,True
761307,파아코퍼레이션,6044.6,2024,True
691660,차차엔터테인먼트,5374.2,2024,True
883844,차자다솔루션,5367.6,2024,True
288166,가차아솔루션,5250.7,2024,True
340880,나카바이오,5020.7,2024,True
830476,라다가엔터테인먼트,4816.4,2024,True
239223,사다다시스템즈,4731.8,2024,True
662463,하나엔터테인먼트,4724.2,2024,True
963274,하카테크,4678.8,2024,True
116435,타아테크,4593.3,2024,True
589478,나나나글로벌,4487.5,2024,True
596589,파사파시스템즈,4486.8,2024,True
620690,파하코퍼레이션,4440.1,2024,True
101281,타카파트너스,4382.9,2024,True
796241,하사타솔루션,4381.3,2024,True
465308,나카아솔루션,4363.4,2024,True
401381,아카마시스템즈,4339.5,2024,True
648935,나아솔루션,4304.8,2024,True
151556,카마시스템즈,4225.6,2024,True
393364,차자파트너스,4150.1,2024,True
640767,바라코퍼레이션,4046.9,2024,True
414095,라자나바이오,3894.7,2024,True
873592,타타파트너스,3785.4,2024,True
409844,타다솔루션,3769.0,2024,True
175232,아파바코퍼레이션,3631.6,2024,True
820216,타카테크,3446.8,2024,True
733376,하나자시스템즈,3372.8,2024,True
246341,차다솔루션,3309.4,2024,True
318752,나하카홀딩스,3232.8,2024,True
672694,라라솔루션,3139.2,2024,True
593887,타차가코퍼레이션,3133.1,2024,True
698708,차타솔루션,2998.8,2024,True
228049,다사아시스템즈,2980.0,2024,True
430825,파가바이오,2962.4,2024,True
189484,하카카이노베이션,2770.6,2024,True
495106,자마파홀딩스,2737.2,2024,True
821577,사차테크,2688.6,2024,True
479025,라카바이오,2683.1,2024,True
744910,마차코퍼레이션,2601.2,2024,True
647125,타다솔루션,2596.6,2024,True
722714,나가이노베이션,2543.1,2024,True
591699,차가자엔터테인먼트,2514.2,2024,True
817495,나카코퍼레이션,2503.8,2024,True
284400,타가시스템즈,2488.9,2024,True
177602,아사솔루션,2459.3,2024,True
124266,나나파엔터테인먼트,2406.8,2024,True
882872,타나바이노베이션,2400.5,2024,True
114112,다다가테크,2391.2,2024,True
799424,타라코퍼레이션,2389.9,2024,True
741684,다다다이노베이션,2378.0,2024,True
133195,마타바이오,2371.4,2024,True
794070,카라라파트너스,2353.9,2024,True
151628,가나라테크,2336.8,2024,True
410496,다하아이노베이션,2304.8,2024,True
611966,자다바이오,2298.1,2024,True
109607,아자사시스템즈,2269.4,2024,True
986682,바나라코퍼레이션,2245.1,2024,True
842411,아아사솔루션,2234.1,2024,True
645020,사자나홀딩스,2217.4,2024,True
864101,자자엔터테인먼트,2189.6,2024,True
436726,파파홀딩스,2183.5,2024,True
965618,자다파이노베이션,2150.9,2024,True
735478,차파차글로벌,2147.9,2024,True
162200,타마차글로벌,2089.3,2024,True
169315,사바자테크,2086.8,2024,True
477808,바다가솔루션,2085.9,2024,True
800469,사타카시스템즈,2081.6,2024,True
442779,가자아바이오,2065.3,2024,True
533330,바카가엔터테인먼트,2004.9,2024,True
908172,사다하솔루션,1992.5,2024,True
426769,파마카테크,1983.9,2024,True
173716,가차이노베이션,1971.4,2024,True
847467,차자사코퍼레이션,1933.2,2024,True
996882,마자홀딩스,1930.8,2024,True
492194,파하라글로벌,1927.2,2024,True
411142,라바타파트너스,1918.5,2024,True
796456,타타홀딩스,1913.2,2024,True
776173,나마마테크,1907.6,2024,True
244105,바가솔루션,1875.4,2024,True
945779,파타카시스템즈,1853.7,2024,True
857878,사하바이오,1850.6,2024,True
282475,마타사글로벌,1841.7,2024,True
253262,나파시스템즈,1819.6,2024,True
209633,타파다시스템즈,1799.8,2024,True
555730,파자카바이오,1797.7,2024,True
483727,사타차글로벌,1784.7,2024,True
795111,차가시스템즈,1770.4,2024,True
343245,라아이노베이션,1753.8,2024,True
771417,카타차글로벌,1746.5,2024,True
203603,마타파바이오,1745.3,2024,True
823012,차타아글로벌,1731.2,2024,True
276179,하바엔터테인먼트,1725.0,2024,True
164179,파하코퍼레이션,1719.4,2024,True
235766,타가마파트너스,1703.0,2024,True
492546,카아타파트너스,1660.6,2024,True
785584,가마아테크,1640.1,2024,True
585668,사나솔루션,1547.3,2024,True
456443,파나카바이오,1545.2,2024,True
932134,라자이노베이션,1541.4,2024,True
790506,가하아엔터테인먼트,1533.9,2024,True
989274,아라타시스템즈,1529.0,2024,True
974098,나나테크,1519.9,2024,True
328155,라아나엔터테인먼트,1510.1,2024,True
264875,라타바이오,1509.0,2024,True
901144,마마시스템즈,1509.0,2024,True
454779,다나글로벌,1507.2,2024,True
525584,자사엔터테인먼트,1500.3,2024,True
321892,가나테크,1495.1,2024,True
504366,마다홀딩스,1492.3,2024,True
117233,가다타테크,1479.7,2024,True
484131,타바가테크,1457.2,2024,True
730601,나바테크,1452.0,2024,True
803592,타나마솔루션,1441.9,2024,True
145554,차바코퍼레이션,1434.6,2024,True
827953,마마차파트너스,1429.7,2024,True
575093,파라코퍼레이션,1418.9,2024,True
700815,나나홀딩스,1417.4,2024,True
544551,하카글로벌,1417.0,2024,True
272216,마카자홀딩스,1414.8,2024,True
109524,나라파바이오,1411.6,2024,True
516224,라사차글로벌,1402.7,2024,True
774392,자카타바이오,1392.4,2024,True
501242,하카마바이오,1386.4,2024,True
703538,자차글로벌,1352.3,2024,True
432037,가파바이오,1349.2,2024,True
443909,파카다이노베이션,1348.1,2024,True
116709,나바테크,1345.8,2024,True
460085,파차홀딩스,1335.0,2024,True
571773,하파라이노베이션,1328.3,2024,True
424435,바차라글로벌,1324.7,2024,True
302134,하나바글로벌,1321.3,2024,True
190097,가하라시스템즈,1311.4,2024,True
987065,바자자테크,1303.3,2024,True
381718,라파사바이오,1299.0,2024,True
175733,카하솔루션,1296.6,2024,True
431318,차나파트너스,1282.4,2024,True
952117,바파파테크,1277.6,2024,True
647896,하타글로벌,1277.4,2024,True
375524,아타글로벌,1265.9,2024,True
463514,파파카테크,1258.1,2024,True
366762,타사글로벌,1252.2,2024,True
396551,차나바이오,1252.0,2024,True
777300,자사사글로벌,1251.0,2024,True
206427,나사바이오,1235.4,2024,True
883541,마카카코퍼레이션,1229.9,2024,True
928095,파다다코퍼레이션,1228.0,2024,True
961621,다자시스템즈,1222.8,2024,True
472381,차나홀딩스,1215.3,2024,True
190555,아하솔루션,1186.3,2024,True
521556,사라카홀딩스,1175.0,2024,True
156136,다사파트너스,1157.1,2024,True
153339,차파바이오,1152.4,2024,True
639869,사사바글로벌,1152.2,2024,True
261750,차사이노베이션,1148.4,2024,True
225532,하바글로벌,1140.5,2024,True
812382,마마시스템즈,1131.7,2024,True
692099,자아차글로벌,1120.3,2024,True
840464,바차파트너스,1118.9,2024,True
264608,바아시스템즈,1103.4,2024,True
998449,나가나글로벌,1093.5,2024,True
140341,타하사홀딩스,1089.0,2024,True
393213,가라솔루션,1075.0,2024,True
206043,라다엔터테인먼트,1042.3,2024,True
426137,타바파솔루션,1040.6,2024,True
211585,가아글로벌,1039.4,2024,True
157253,하파글로벌,1037.3,2024,True
423598,다카차홀딩스,1035.9,2024,True
885966,파가파트너스,1034.3,2024,True
925908,사차가홀딩스,1032.5,2024,True
747815,카라차엔터테인먼트,1030.4,2024,True
739414,카자파이노베이션,1029.4,2024,True
593993,차라마테크,1025.9,2024,True
151685,차라타파트너스,1025.6,2024,True
968713,카라차홀딩스,1020.2,2024,True
808873,하파차솔루션,1013.2,2024,True
215322,타나자이노베이션,1003.7,2024,True
206807,자카사홀딩스,1001.5,2024,True
830711,카아다시스템즈,989.0,2024,True
174379,가파아엔터테인먼트,960.7,2024,True
305995,라마엔터테인먼트,956.8,2024,True
846217,나타이노베이션,954.5,2024,True
933788,다사차글로벌,952.3,2024,True
577698,타바코퍼레이션,930.7,2024,True
542584,사하이노베이션,929.3,2024,True
338217,라파코퍼레이션,917.1,2024,True
613071,타카글로벌,915.4,2024,True
334519,가마시스템즈,909.7,2024,True
831079,나자차바이오,903.6,2024,True
409290,아마차파트너스,900.1,2024,True
413791,사나이노베이션,895.4,2024,True
135253,자마테크,890.8,2024,True
236205,바마엔터테인먼트,885.3,2024,True
597866,나사바홀딩스,876.0,2024,True
321343,파마나바이오,864.6,2024,True
984060,다바바시스템즈,861.3,2024,True
747415,차아테크,859.0,2024,True
145956,마파마홀딩스,858.9,2024,True
554914,하다바테크,852.5,2024,True
904500,사차아파트너스,852.3,2024,True
492789,바자홀딩스,850.4,2024,True
255539,타나나글로벌,849.8,2024,True
664675,하카아글로벌,845.9,2024,True
646314,차사테크,845.8,2024,True
870426,다파다엔터테인먼트,844.6,2024,True
903913,다바다이노베이션,840.6,2024,True
620776,차바라솔루션,830.5,2024,True
313265,바차타엔터테인먼트,820.8,2024,True
160375,나마카테크,816.0,2024,True
350659,다타엔터테인먼트,808.9,2024,True
490722,아차자코퍼레이션,807.4,2024,True
152510,자가차파트너스,806.4,2024,True
546967,나라다테크,804.5,2024,True
745072,사다나시스템즈,803.5,2024,True
535718,파하글로벌,802.6,2024,True
398272,카사차바이오,798.3,2024,True
697179,하사코퍼레이션,791.1,2024,True
975376,사자타시스템즈,789.2,2024,True
871168,사파사바이오,788.5,2024,True
602602,다사나시스템즈,787.5,2024,True
209454,아사자시스템즈,782.0,2024,True
394401,차사이노베이션,772.2,2024,True
434189,나라이노베이션,760.7,2024,True
382837,파다타파트너스,757.2,2024,True
211522,마바코퍼레이션,757.2,2024,True
598911,다바솔루션,751.1,2024,True
964437,차가테크,745.0,2024,True
126629,차다가엔터테인먼트,744.8,2024,True
506145,가사파트너스,744.4,2024,True
823466,가하엔터테인먼트,742.3,2024,True
592209,타카코퍼레이션,731.8,2024,True
268100,나사타시스템즈,730.5,2024,True
563324,나사사글로벌,729.6,2024,True
824359,카가아파트너스,727.0,2024,True
304595,카차홀딩스,726.6,2024,True
803908,사마사글로벌,723.2,2024,True
381821,바하코퍼레이션,722.4,2024,True
191865,라타글로벌,717.4,2024,True
513711,하라타솔루션,711.9,2024,True
127623,카사나코퍼레이션,709.1,2024,True
848310,사차마솔루션,705.3,2024,True
255133,가사나홀딩스,702.9,2024,True
829842,라가가글로벌,690.2,2024,True
425802,나타바이오,688.4,2024,True
966769,나아글로벌,685.6,2024,True
403578,파자다시스템즈,681.8,2024,True
726650,나마다홀딩스,680.4,2024,True
372235,다마시스템즈,679.7,2024,True
737679,나하솔루션,673.5,2024,True
616035,마다마솔루션,671.1,2024,True
446189,자마다글로벌,668.9,2024,True
597920,하다엔터테인먼트,667.6,2024,True
756403,사사코퍼레이션,666.6,2024,True
585859,바하이노베이션,666.3,2024,True
390756,나자라파트너스,659.4,2024,True
579653,라하코퍼레이션,654.3,2024,True
829208,차하코퍼레이션,649.5,2024,True
263220,가자이노베이션,648.8,2024,True
913185,아타시스템즈,645.7,2024,True
743173,라마바이노베이션,641.2,2024,True
431450,아파시스템즈,638.1,2024,True
321180,사차차솔루션,634.2,2024,True
162389,라아테크,631.5,2024,True
812435,하차차이노베이션,631.4,2024,True
904972,다차다바이오,629.6,2024,True
190450,마자바이노베이션,629.6,2024,True
728004,카라글로벌,624.8,2024,True
516919,카아테크,623.3,2024,True
332371,사다카엔터테인먼트,618.1,2024,True
138811,마파나시스템즈,615.6,2024,True
438971,라바바이노베이션,613.7,2024,True
528119,아사아이노베이션,612.9,2024,True
647893,차바자코퍼레이션,604.2,2024,True
350966,타라타코퍼레이션,598.2,2024,True
680557,가아마글로벌,596.8,2024,True
484793,타하시스템즈,595.8,2024,True
959933,가타사테크,590.8,2024,True
143578,아사솔루션,589.7,2024,True
663920,라파홀딩스,587.7,2024,True
764613,라바하바이오,584.2,2024,True
357831,파마파트너스,584.1,2024,True
585492,가카이노베이션,584.0,2024,True
258898,다라바시스템즈,578.8,2024,True
481242,파사카코퍼레이션,575.1,2024,True
523831,자사바이노베이션,574.9,2024,True
154017,가하솔루션,573.2,2024,True
721814,카사바글로벌,572.0,2024,True
124647,나카시스템즈,567.1,2024,True
509593,가파바글로벌,565.3,2024,True
756805,하자다글로벌,565.1,2024,True
197564,자타바글로벌,563.4,2024,True
576504,파파홀딩스,559.9,2024,True
231872,다하테크,555.1,2024,True
590636,라차이노베이션,552.5,2024,True
746749,차하마솔루션,552.0,2024,True
124429,카나이노베이션,548.7,2024,True
676501,가파바이오,546.6,2024,True
943158,카차바이오,545.0,2024,True
648421,사사마이노베이션,540.3,2024,True
572844,가아글로벌,538.0,2024,True
302173,카타글로벌,533.2,2024,True
147694,파타이노베이션,529.4,2024,True
362482,다라타파트너스,528.2,2024,True
220035,자가하이노베이션,522.6,2024,True
871140,사바사테크,521.9,2024,True
434640,나라엔터테인먼트,520.1,2024,True
156824,사사아솔루션,518.2,2024,True
780027,가가자바이오,518.0,2024,True
459042,바바카글로벌,515.6,2024,True
503948,바파카코퍼레이션,515.2,2024,True
464528,타가코퍼레이션,504.8,2024,True
840229,타카솔루션,503.9,2024,True
541713,파가이노베이션,503.4,2024,True
694957,아아라파트너스,501.9,2024,True
715939,자자아글로벌,498.1,2024,True
996121,아가홀딩스,497.9,2024,True
541077,다나엔터테인먼트,495.4,2024,True
697819,차타가코퍼레이션,494.4,2024,True
256846,카다엔터테인먼트,492.7,2024,True
715918,사자글로벌,490.2,2024,True
390794,타파카테크,490.1,2024,True
612169,차자엔터테인먼트,485.7,2024,True
844858,하하마파트너스,483.3,2024,True
804119,자자파글로벌,482.8,2024,True
716647,파라라엔터테인먼트,481.8,2024,True
888118,마카솔루션,480.5,2024,True
129270,파나사이노베이션,476.6,2024,True
682810,가나이노베이션,476.4,2024,True
146129,바차나홀딩스,474.0,2024,True
227906,차카파홀딩스,473.7,2024,True
750033,카가카코퍼레이션,472.9,2024,True
203685,사나나엔터테인먼트,467.0,2024,True
263503,나나타솔루션,466.3,2024,True
156415,아하아파트너스,465.3,2024,True
803850,타나카테크,463.9,2024,True
964578,하사엔터테인먼트,463.1,2024,True
606704,타타솔루션,461.0,2024,True
192055,카나파트너스,456.9,2024,True
814956,하파아글로벌,456.0,2024,True
714031,아하차바이오,453.2,2024,True
422411,자카자시스템즈,450.9,2024,True
844519,하아엔터테인먼트,450.2,2024,True
894931,다카파트너스,448.3,2024,True
835783,나타아코퍼레이션,444.7,2024,True
226722,타자라파트너스,444.7,2024,True
779599,마파하홀딩스,443.5,2024,True
439177,바자파코퍼레이션,443.2,2024,True
936224,마하파트너스,442.9,2024,True
543090,하사사시스템즈,442.2,2024,True
350796,하카글로벌,442.1,2024,True
682355,아파엔터테인먼트,440.8,2024,True
229093,바바다솔루션,439.2,2024,True
185102,나다바이오,438.8,2024,True
690296,타다사홀딩스,438.5,2024,True
664182,마하사홀딩스,437.7,2024,True
868349,라사하글로벌,437.7,2024,True
391622,나카파트너스,437.2,2024,True
187707,나차마글로벌,435.3,2024,True
980859,타가나바이오,434.9,2024,True
366263,차바사시스템즈,434.6,2024,True
987989,마차파트너스,431.3,2024,True
186847,아차아이노베이션,430.0,2024,True
130307,아다자엔터테인먼트,428.7,2024,True
401869,가아글로벌,428.6,2024,True
487401,사하시스템즈,427.9,2024,True
149167,아자타이노베이션,427.7,2024,True
948799,타마바바이오,426.5,2024,True
219103,카하코퍼레이션,426.0,2024,True
498661,하바파트너스,425.6,2024,True
378297,자마자홀딩스,425.5,2024,True
575727,나카마이노베이션,423.9,2024,True
582595,카가시스템즈,419.2,2024,True
679471,카바바이오,409.7,2024,True
849149,하바마파트너스,408.4,2024,True
854299,라다글로벌,406.7,2024,True
984464,사다나코퍼레이션,404.8,2024,True
387710,파타사바이오,404.8,2024,True
415140,마바가코퍼레이션,404.8,2024,True
875165,라다솔루션,402.7,2024,True
879027,라아바이오,402.7,2024,True
205101,타라나시스템즈,400.8,2024,True
389854,라자바이오,397.5,2024,True
142527,가카바이오,395.0,2024,True
391158,다다시스템즈,393.1,2024,True
244992,라마코퍼레이션,392.9,2024,True
518500,나아아홀딩스,391.5,2024,True
640882,가바사엔터테인먼트,391.1,2024,True
490607,나가나파트너스,391.1,2024,True
170997,자하홀딩스,389.1,2024,True
705523,파파홀딩스,388.9,2024,True
302635,차아마파트너스,388.1,2024,True
899484,자카자파트너스,386.9,2024,True
593626,카마파솔루션,386.5,2024,True
956426,아라파트너스,386.3,2024,True
141247,카하카시스템즈,382.0,2024,True
605236,아차이노베이션,380.8,2024,True
194553,마아아이노베이션,379.7,2024,True
106574,아바솔루션,379.5,2024,True
704430,하하코퍼레이션,377.4,2024,True
382113,하하마글로벌,374.7,2024,True
412621,사바테크,372.7,2024,True
316992,차라엔터테인먼트,372.2,2024,True
612949,아타아글로벌,371.4,2024,True
772550,라차바이오,370.1,2024,True
988627,사카라바이오,366.9,2024,True
176879,하타다파트너스,365.4,2024,True
820999,마타솔루션,364.6,2024,True
980444,파라타엔터테인먼트,363.4,2024,True
426795,카아솔루션,361.7,2024,True
618970,타바가코퍼레이션,361.4,2024,True
988410,차타하시스템즈,359.2,2024,True
216060,자다파파트너스,356.8,2024,True
576773,카가바이오,356.7,2024,True
410089,카하나테크,355.3,2024,True
937444,마마코퍼레이션,354.7,2024,True
552056,다마파트너스,351.0,2024,True
386088,사하솔루션,350.9,2024,True
536931,나라바시스템즈,346.2,2024,True
968682,아바카시스템즈,344.1,2024,True
593939,바마엔터테인먼트,339.9,2024,True
109720,바파엔터테인먼트,339.1,2024,True
408023,아나마바이오,338.6,2024,True
130784,바아글로벌,336.4,2024,True
872350,파다타테크,336.1,2024,True
773437,파바마글로벌,335.5,2024,True
562653,마사파파트너스,334.3,2024,True
291728,나자엔터테인먼트,333.5,2024,True
290563,마가파바이오,332.6,2024,True
161862,타라카글로벌,332.3,2024,True
247859,다하차솔루션,332.1,2024,True
363487,타마파트너스,331.9,2024,True
701348,라타이노베이션,330.5,2024,True
529925,파나타시스템즈,330.1,2024,True
790395,라라바솔루션,330.0,2024,True
496672,나다글로벌,329.1,2024,True
239430,다라카엔터테인먼트,328.4,2024,True
451106,카타파테크,327.3,2024,True
526638,사자가시스템즈,326.6,2024,True
623843,파자이노베이션,324.2,2024,True
953061,타타나홀딩스,322.4,2024,True
654295,자타파트너스,322.1,2024,True
138903,파파바이오,316.3,2024,True
184064,다라바이오,315.6,2024,True
879872,차자파시스템즈,310.0,2024,True
822953,나자마솔루션,306.3,2024,True
867471,타하코퍼레이션,304.1,2024,True
776446,나바하이노베이션,303.9,2024,True
248112,하마라홀딩스,302.5,2024,True
298099,바나다홀딩스,302.5,2024,True
272551,바카아파트너스,300.6,2024,True
547863,하나카솔루션,300.5,2024,True
671540,사차타홀딩스,299.0,2024,True
186020,사마바이오,298.7,2024,True
887391,사바코퍼레이션,296.1,2024,True
243093,라아이노베이션,295.4,2024,True
507321,파하파코퍼레이션,295.3,2024,True
543833,타아바이오,294.8,2024,True
492204,하다코퍼레이션,292.1,2024,True
122682,사하테크,291.7,2024,True
611069,카자시스템즈,291.2,2024,True
760766,자다하바이오,290.6,2024,True
992083,타가테크,290.5,2024,True
764158,나가시스템즈,289.6,2024,True
476881,타자가이노베이션,289.5,2024,True
553012,다사카글로벌,283.8,2024,True
471512,아파이노베이션,282.6,2024,True
161669,다타솔루션,282.5,2024,True
200053,하나코퍼레이션,281.4,2024,True
429864,타바타홀딩스,281.3,2024,True
811976,가차라글로벌,280.3,2024,True
162085,가아마시스템즈,280.2,2024,True
276775,차타라글로벌,279.1,2024,True
340924,파파자글로벌,276.8,2024,True
779612,마아파트너스,275.5,2024,True
645310,마바홀딩스,274.7,2024,True
463559,가차파트너스,274.7,2024,True
510467,라파바엔터테인먼트,274.6,2024,True
656851,아차자글로벌,273.3,2024,True
466942,사아아글로벌,273.1,2024,True
701535,나바라엔터테인먼트,272.3,2024,True
599818,바가솔루션,271.4,2024,True
333251,카파파코퍼레이션,270.5,2024,True
985165,하라솔루션,267.6,2024,True
279620,바나솔루션,265.3,2024,True
312160,라하시스템즈,263.7,2024,True
356278,마자나테크,263.3,2024,True
101183,가바테크,263.2,2024,True
155786,다하이노베이션,261.8,2024,True
215145,자아아글로벌,260.6,2024,True
347130,자타솔루션,260.6,2024,True
481718,하타코퍼레이션,258.4,2024,True
361301,타라아글로벌,257.8,2024,True
108262,카가코퍼레이션,257.3,2024,True
560613,사라시스템즈,257.2,2024,True
482299,타나이노베이션,256.6,2024,True
677693,차다마이노베이션,255.7,2024,True
503402,바하타홀딩스,252.9,2024,True
887382,다아타솔루션,252.5,2024,True
912311,아마코퍼레이션,252.0,2024,True
454291,가다나파트너스,250.5,2024,True
448813,나아하엔터테인먼트,249.9,2024,True
210529,바가솔루션,249.0,2024,True
738727,아하마파트너스,247.0,2024,True
274418,차차다솔루션,246.9,2024,True
964890,가나바이오,245.2,2024,True
740411,타차이노베이션,245.2,2024,True
892659,사아코퍼레이션,244.8,2024,True
612052,라가나테크,243.1,2024,True
146372,타하다파트너스,242.9,2024,True
246347,카사시스템즈,242.4,2024,True
343396,마바홀딩스,240.7,2024,True
366509,타아가이노베이션,240.0,2024,True
850289,나사엔터테인먼트,239.6,2024,True
730791,타하하이노베이션,236.9,2024,True
334720,사마차테크,236.9,2024,True
310894,자아라홀딩스,236.2,2024,True
535748,마타사테크,235.6,2024,True
856086,마마하글로벌,235.5,2024,True
712686,나마테크,235.1,2024,True
277855,카다시스템즈,235.1,2024,True
543391,하사사바이오,234.6,2024,True
493483,사카차홀딩스,232.3,2024,True
866296,사라가글로벌,231.9,2024,True
458724,바차바글로벌,231.6,2024,True
537859,아가차파트너스,231.4,2024,True
743694,가다홀딩스,229.6,2024,True
994979,파아다코퍼레이션,229.5,2024,True
792614,파차글로벌,228.7,2024,True
681744,다카파이노베이션,228.6,2024,True
400925,카사시스템즈,228.1,2024,True
642621,카라타글로벌,226.9,2024,True
218831,하다타파트너스,226.4,2024,True
740468,파아마솔루션,225.4,2024,True
302256,아자글로벌,224.9,2024,True
571233,마마다이노베이션,222.2,2024,True
130691,타카타시스템즈,220.8,2024,True
220305,가다시스템즈,219.8,2024,True
882637,가아바테크,219.7,2024,True
728683,다차엔터테인먼트,218.8,2024,True
821523,바나마시스템즈,218.3,2024,True
182533,하라엔터테인먼트,218.3,2024,True
629315,마카가엔터테인먼트,217.1,2024,True
833327,하가엔터테인먼트,216.3,2024,True
404774,라카아파트너스,216.2,2024,True
622261,카하다바이오,215.4,2024,True
711081,카타파트너스,215.0,2024,True
417824,하바사글로벌,214.6,2024,True
920567,타파아시스템즈,214.4,2024,True
489511,카자카이노베이션,213.0,2024,True
841064,다가홀딩스,212.9,2024,True
492843,카타홀딩스,212.7,2024,True
161788,나마마엔터테인먼트,212.2,2024,True
171844,나파마글로벌,210.9,2024,True
759266,바바사엔터테인먼트,209.7,2024,True
835779,바파바이오,209.5,2024,True
298548,사하코퍼레이션,209.3,2024,True
711087,나사다글로벌,209.2,2024,True
887718,아바엔터테인먼트,204.5,2024,True
984784,차마바홀딩스,204.3,2024,True
267209,라바파트너스,203.7,2024,True
725991,나카하바이오,203.5,2024,True
674071,다타엔터테인먼트,202.7,2024,True
122859,마아마홀딩스,200.9,2024,True
735892,파라자홀딩스,200.5,2024,True
791515,사아엔터테인먼트,200.0,2024,True
105708,다카엔터테인먼트,199.0,2024,True
527354,라파다시스템즈,197.6,2024,True
928433,카아홀딩스,196.0,2024,True
873207,가파홀딩스,195.2,2024,True
582589,바나엔터테인먼트,195.1,2024,True
860790,자라시스템즈,194.7,2024,True
838754,하라이노베이션,194.3,2024,True
222504,가라바이오,194.0,2024,True
728845,차하나홀딩스,193.9,2024,True
965648,카다타코퍼레이션,193.3,2024,True
898934,다마엔터테인먼트,191.7,2024,True
848400,가바테크,190.5,2024,True
639740,다파시스템즈,189.2,2024,True
757095,아파홀딩스,188.9,2024,True
507729,자자나홀딩스,188.6,2024,True
791091,파다바이오,188.5,2024,True
191070,나타다시스템즈,188.2,2024,True
414455,바라엔터테인먼트,186.3,2024,True
615895,사차홀딩스,186.2,2024,True
395725,마자자글로벌,186.0,2024,True
693818,자타차시스템즈,185.9,2024,True
107053,타바엔터테인먼트,185.2,2024,True
121595,파차파트너스,184.4,2024,True
106619,자다마파트너스,184.3,2024,True
189083,자자차코퍼레이션,183.8,2024,True
169113,차파글로벌,183.4,2024,True
866654,바타이노베이션,183.4,2024,True
586457,자사카테크,181.4,2024,True
803819,라타시스템즈,180.2,2024,True
229084,타사엔터테인먼트,178.4,2024,True
132962,타가코퍼레이션,178.3,2024,True
750338,바다솔루션,177.1,2024,True
348239,파아테크,177.0,2024,True
215014,사타글로벌,176.6,2024,True
849714,다마카파트너스,175.9,2024,True
658131,나타이노베이션,175.7,2024,True
222648,다자아이노베이션,175.5,2024,True
227903,아라바엔터테인먼트,175.4,2024,True
886553,나나다솔루션,175.3,2024,True
925715,파라시스템즈,175.2,2024,True
430421,나마글로벌,175.1,2024,True
573645,바파차글로벌,174.9,2024,True
301607,다아이노베이션,173.1,2024,True
924915,다마바이오,172.6,2024,True
122429,마타다코퍼레이션,172.5,2024,True
669299,아다솔루션,172.3,2024,True
858348,나라사바이오,171.7,2024,True
451637,마다시스템즈,171.5,2024,True
999186,사자테크,171.2,2024,True
146983,다아나테크,169.5,2024,True
766870,카자사바이오,168.5,2024,True
445521,타사솔루션,168.4,2024,True
350020,차사테크,168.3,2024,True
111961,바하바이오,167.6,2024,True
429638,카나마시스템즈,167.3,2024,True
189691,차파글로벌,166.3,2024,True
121239,나자나솔루션,166.1,2024,True
465484,바타라솔루션,165.8,2024,True
153231,파마이노베이션,164.2,2024,True
941945,사다솔루션,163.5,2024,True
105140,타가파트너스,163.4,2024,True
395472,자가파파트너스,162.9,2024,True
946982,바가테크,162.8,2024,True
517267,사파아솔루션,161.4,2024,True
238864,아바타테크,160.8,2024,True
639172,사가바홀딩스,157.3,2024,True
987056,카바자이노베이션,157.2,2024,True
566699,라파시스템즈,156.5,2024,True
859910,나다파코퍼레이션,154.6,2024,True
829560,타가솔루션,153.3,2024,True
629415,라가바이오,153.3,2024,True
825208,타하엔터테인먼트,152.9,2024,True
147573,다가솔루션,152.7,2024,True
302212,사아바시스템즈,152.5,2024,True
922444,아타타솔루션,152.5,2024,True
979514,나차파홀딩스,152.2,2024,True
388932,하자가시스템즈,151.1,2024,True
368762,자사글로벌,149.9,2024,True
516357,아자엔터테인먼트,148.6,2024,True
138838,바다하테크,148.4,2024,True
523326,타다글로벌,147.6,2024,True
457411,하가테크,147.1,2024,True
540586,자바이노베이션,146.9,2024,True
156394,자마테크,146.8,2024,True
486589,다나차엔터테인먼트,144.6,2024,True
228864,타마차파트너스,144.3,2024,True
905731,사나바이오,144.0,2024,True
598562,사라마이노베이션,143.6,2024,True
887045,라나하시스템즈,142.3,2024,True
546364,나마테크,141.9,2024,True
151922,다바가테크,141.6,2024,True
642387,카마홀딩스,141.5,2024,True
353161,파하사이노베이션,140.9,2024,True
563449,사파바파트너스,140.5,2024,True
779494,라사시스템즈,140.4,2024,True
641058,마라시스템즈,139.8,2024,True
930481,하차마홀딩스,139.8,2024,True
386377,다아사테크,139.6,2024,True
455419,나다테크,139.1,2024,True
538231,다아바이오,139.1,2024,True
644273,타카이노베이션,139.0,2024,True
608474,가나테크,139.0,2024,True
807226,라마파트너스,138.8,2024,True
269247,아사테크,138.6,2024,True
655506,가바테크,138.4,2024,True
592965,차파홀딩스,138.4,2024,True
774856,사파카코퍼레이션,138.1,2024,True
733873,파라타파트너스,138.0,2024,True
667337,라아파트너스,137.6,2024,True
824233,나라파코퍼레이션,137.1,2024,True
328344,파바사이노베이션,136.9,2024,True
953466,라아가코퍼레이션,136.3,2024,True
267112,자다솔루션,136.3,2024,True
954413,바차라솔루션,134.8,2024,True
275645,카라사바이오,134.6,2024,True
525850,차타사파트너스,134.3,2024,True
880179,파타솔루션,134.0,2024,True
936345,자아엔터테인먼트,133.8,2024,True
741782,자차솔루션,132.4,2024,True
536811,카라나솔루션,132.1,2024,True
571346,나하다파트너스,132.1,2024,True
410460,바가엔터테인먼트,131.4,2024,True
752952,라가시스템즈,131.3,2024,True
821933,차타아글로벌,129.3,2024,True
489633,마다홀딩스,129.0,2024,True
583861,사다엔터테인먼트,128.7,2024,True
734007,타아코퍼레이션,128.2,2024,True
724802,타하이노베이션,127.7,2024,True
395248,타라라홀딩스,125.8,2024,True
882979,나하테크,125.2,2024,True
890274,가타다테크,124.7,2024,True
149334,차카사시스템즈,124.1,2024,True
625119,나아글로벌,124.1,2024,True
903143,자하시스템즈,123.0,2024,True
227951,차바홀딩스,122.6,2024,True
953459,자사테크,120.8,2024,True
919430,차라카홀딩스,120.7,2024,True
605468,차사테크,120.6,2024,True
984680,하바파코퍼레이션,120.4,2024,True
701265,마카솔루션,120.1,2024,True
356355,가파솔루션,119.9,2024,True
482384,하가다홀딩스,119.3,2024,True
951701,바사자테크,119.0,2024,True
769026,가아아솔루션,118.3,2024,True
291936,자라파트너스,118.2,2024,True
772464,차자하엔터테인먼트,117.8,2024,True
680996,바라하바이오,117.5,2024,True
272384,차차하홀딩스,117.0,2024,True
153357,마가글로벌,116.9,2024,True
370698,타바카시스템즈,116.8,2024,True
921731,사라이노베이션,116.4,2024,True
812321,파바코퍼레이션,115.3,2024,True
130109,마나다테크,115.3,2024,True
657322,아라홀딩스,115.1,2024,True
360529,자다이노베이션,115.0,2024,True
641883,타타테크,114.8,2024,True
573776,마다이노베이션,114.3,2024,True
196931,자자가솔루션,114.2,2024,True
330545,라다글로벌,113.6,2024,True
154367,바타파트너스,113.4,2024,True
160254,아마시스템즈,112.9,2024,True
532292,다사코퍼레이션,112.4,2024,True
629986,타하하바이오,111.8,2024,True
232616,타마마홀딩스,111.8,2024,True
789228,자타나엔터테인먼트,111.6,2024,True
192444,다아하코퍼레이션,111.2,2024,True
483749,사카마코퍼레이션,110.9,2024,True
776758,파파이노베이션,110.9,2024,True
494908,하사파시스템즈,110.9,2024,True
288238,사사가이노베이션,110.8,2024,True
666601,나바솔루션,110.6,2024,True
191928,차마글로벌,110.6,2024,True
846601,타가마홀딩스,110.0,2024,True
342540,나아라글로벌,109.9,2024,True
232315,가파마솔루션,109.8,2024,True
332869,타타이노베이션,109.5,2024,True
733674,파바아이노베이션,108.9,2024,True
908184,차다바이오,108.6,2024,True
587703,자하바이노베이션,108.5,2024,True
272373,차카바이오,108.2,2024,True
349266,아가자글로벌,107.6,2024,True
743176,마아사시스템즈,107.3,2024,True
581693,마아다바이오,107.2,2024,True
702043,마차나시스템즈,105.3,2024,True
397992,카바글로벌,105.1,2024,True
384105,카바바코퍼레이션,105.0,2024,True
823158,나카차솔루션,104.9,2024,True
426280,아타홀딩스,103.7,2024,True
923647,라다바이오,103.5,2024,True
581379,마자홀딩스,103.3,2024,True
295666,파자바이오,103.3,2024,True
454370,다자자파트너스,102.7,2024,True
311894,바타바코퍼레이션,102.7,2024,True
813681,가하이노베이션,102.5,2024,True
414599,마자엔터테인먼트,102.3,2024,True
607291,아파파글로벌,102.2,2024,True
656883,타바파트너스,101.8,2024,True
709834,라가가바이오,101.2,2024,True
278539,바바글로벌,100.5,2024,True
861593,다카시스템즈,99.5,2024,True
811748,라타시스템즈,99.2,2024,True
533403,가카코퍼레이션,98.6,2024,True
954956,자타하홀딩스,98.2,2024,True
959407,하파솔루션,97.9,2024,True
197716,차라타코퍼레이션,97.4,2024,True
691318,다자테크,96.7,2024,True
183942,아가이노베이션,96.6,2024,True
361118,카라하이노베이션,95.9,2024,True
698025,차사나코퍼레이션,95.4,2024,True
820147,차사라코퍼레이션,95.4,2024,True
583830,차사이노베이션,94.9,2024,True
362332,파나코퍼레이션,94.7,2024,True
494675,카라자시스템즈,94.4,2024,True
682662,아라글로벌,94.4,2024,True
882124,타카타솔루션,94.3,2024,True
529175,아마홀딩스,93.4,2024,True
181202,카파홀딩스,92.5,2024,True
167949,타가이노베이션,92.5,2024,True
592464,바라테크,92.2,2024,True
280141,타라홀딩스,92.0,2024,True
620356,사하파글로벌,91.1,2024,True
853754,파타하이노베이션,90.9,2024,True
246195,다카파코퍼레이션,90.4,2024,True
142225,다파나바이오,90.2,2024,True
420939,마바아바이오,89.5,2024,True
135188,하사가엔터테인먼트,89.5,2024,True
916872,파나홀딩스,88.9,2024,True
666173,바라바파트너스,87.9,2024,True
274025,하다테크,87.8,2024,True
671793,가차바엔터테인먼트,87.2,2024,True
814677,타나타글로벌,86.4,2024,True
568189,라다이노베이션,86.1,2024,True
568276,다라테크,86.1,2024,True
780182,아자글로벌,85.7,2024,True
437279,다가코퍼레이션,85.7,2024,True
102307,자파파테크,85.5,2024,True
774414,바가파트너스,85.4,2024,True
296243,사마엔터테인먼트,83.4,2024,True
785478,나마홀딩스,83.2,2024,True
450153,나자테크,83.2,2024,True
764715,아자솔루션,83.1,2024,True
107384,나마테크,82.6,2024,True
183088,타바이노베이션,82.4,2024,True
144582,차다차시스템즈,82.4,2024,True
388118,바다이노베이션,82.4,2024,True
429329,마아가파트너스,82.0,2024,True
793704,마바파트너스,81.8,2024,True
994540,가마하파트너스,81.8,2024,True
579497,바마글로벌,81.6,2024,True
252199,차사나솔루션,81.2,2024,True
343269,사하바이오,80.9,2024,True
933726,자카나코퍼레이션,80.8,2024,True
761964,마하엔터테인먼트,80.8,2024,True
214682,하파바홀딩스,80.5,2024,True
715753,아카파파트너스,79.6,2024,True
540221,라카아시스템즈,79.5,2024,True
885844,차파이노베이션,79.1,2024,True
763034,다라솔루션,78.8,2024,True
452240,가마파트너스,78.8,2024,True
747906,하타테크,78.5,2024,True
365271,사가가바이오,78.5,2024,True
760891,차마파트너스,77.8,2024,True
456261,차나시스템즈,77.8,2024,True
389719,파차테크,77.6,2024,True
107458,바다코퍼레이션,77.4,2024,True
945251,라나테크,77.3,2024,True
565502,다라다이노베이션,77.2,2024,True
418389,사바카엔터테인먼트,76.9,2024,True
829197,아다자이노베이션,76.1,2024,True
528624,자가이노베이션,76.0,2024,True
997830,차파사홀딩스,75.1,2024,True
606386,타자차테크,74.8,2024,True
746154,사하시스템즈,74.8,2024,True
597142,바파자솔루션,74.6,2024,True
350135,가차시스템즈,74.3,2024,True
897044,사나바이오,73.4,2024,True
419193,나타이노베이션,73.1,2024,True
105703,자타라시스템즈,72.7,2024,True
284565,하가시스템즈,72.5,2024,True
484690,사가시스템즈,72.1,2024,True
857826,아라파트너스,71.8,2024,True
814442,자아파바이오,71.6,2024,True
978617,타하테크,71.6,2024,True
540470,차마자글로벌,71.3,2024,True
975016,사가코퍼레이션,71.0,2024,True
531372,아하시스템즈,70.9,2024,True
514385,나나마테크,70.8,2024,True
438756,타사다코퍼레이션,70.8,2024,True
636864,타나바솔루션,70.7,2024,True
166655,아자파시스템즈,70.5,2024,True
885587,라마홀딩스,70.5,2024,True
873799,다나홀딩스,70.3,2024,True
783675,차타라솔루션,69.7,2024,True
120720,타하바이오,69.1,2024,True
656291,차아자바이오,68.8,2024,True
823661,아마엔터테인먼트,68.5,2024,True
812202,차마테크,68.3,2024,True
617602,다바차글로벌,68.2,2024,True
474426,자가시스템즈,67.8,2024,True
241268,파아시스템즈,67.6,2024,True
833518,차다다글로벌,67.2,2024,True
380904,나타글로벌,67.1,2024,True
263431,하마타코퍼레이션,66.8,2024,True
678469,타가하파트너스,66.8,2024,True
654028,차사파트너스,66.7,2024,True
194780,다아홀딩스,66.6,2024,True
822667,타차파솔루션,66.4,2024,True
711004,파하하솔루션,66.3,2024,True
288550,가가자테크,66.2,2024,True
293805,가마자홀딩스,65.9,2024,True
631636,아하글로벌,65.8,2024,True
167542,마카아파트너스,65.6,2024,True
124142,파사차바이오,65.3,2024,True
273547,마사파트너스,65.2,2024,True
302659,마아솔루션,65.0,2024,True
728669,자아솔루션,64.2,2024,True
190614,나타엔터테인먼트,64.2,2024,True
871037,자파라글로벌,64.1,2024,True
334275,사하차글로벌,62.7,2024,True
138712,라라바글로벌,62.6,2024,True
291372,라사바바이오,62.5,2024,True
217695,라하코퍼레이션,62.4,2024,True
234149,파하이노베이션,62.0,2024,True
837246,다다카파트너스,61.9,2024,True
227968,타카시스템즈,61.5,2024,True
824834,나가바이오,60.6,2024,True
985126,하카나시스템즈,60.5,2024,True
767510,자가카홀딩스,60.2,2024,True
581992,나자자솔루션,60.1,2024,True
916639,나카코퍼레이션,60.0,2024,True
430284,하타파트너스,58.6,2024,True
383756,하아엔터테인먼트,58.4,2024,True
691690,자아가엔터테인먼트,58.4,2024,True
119397,가가홀딩스,57.6,2024,True
545853,카아파트너스,57.6,2024,True
794027,차나코퍼레이션,57.5,2024,True
250861,카다차엔터테인먼트,57.2,2024,True
183189,사타솔루션,57.0,2024,True
841179,파타바이오,56.9,2024,True
529559,하카다시스템즈,56.5,2024,True
558074,마다나코퍼레이션,56.4,2024,True
959834,카자글로벌,56.3,2024,True
502756,아타바파트너스,56.1,2024,True
183547,마바솔루션,56.0,2024,True
289633,카파바이오,55.7,2024,True
919555,사바바이오,55.7,2024,True
862595,자사라바이오,55.7,2024,True
240003,사가글로벌,55.5,2024,True
572840,타타시스템즈,55.4,2024,True
736176,라카가시스템즈,55.4,2024,True
296195,나나이노베이션,55.2,2024,True
884981,다타파테크,54.9,2024,True
277856,카가마홀딩스,54.8,2024,True
167260,사가바코퍼레이션,54.4,2024,True
912573,나파솔루션,53.7,2024,True
931484,마차카홀딩스,53.4,2024,True
214016,나가하코퍼레이션,52.8,2024,True
185714,타아나솔루션,52.8,2024,True
185000,바자시스템즈,52.7,2024,True
446650,바차라코퍼레이션,52.7,2024,True
428629,라라홀딩스,52.7,2024,True
304387,차차솔루션,52.3,2024,True
845281,자나다테크,52.1,2024,True
647536,차타파트너스,52.0,2024,True
248770,라마테크,51.1,2024,True
550041,바자엔터테인먼트,51.1,2024,True
886372,하하솔루션,50.5,2024,True
163329,가나파트너스,50.4,2024,True
852701,타타나엔터테인먼트,50.4,2024,True
818699,바차사파트너스,49.9,2024,True
182976,바카하테크,48.9,2024,True
196598,카나바바이오,48.7,2024,True
982464,자아바홀딩스,48.4,2024,True
280247,파하홀딩스,48.4,2024,True
720264,라파엔터테인먼트,47.7,2024,True
137595,마라파바이오,47.2,2024,True
722417,사차가솔루션,47.1,2024,True
365455,파나엔터테인먼트,46.8,2024,True
592605,나파바솔루션,46.7,2024,True
180275,타바하엔터테인먼트,46.4,2024,True
433291,타마코퍼레이션,46.2,2024,True
290119,마가다바이오,45.6,2024,True
773847,아하하엔터테인먼트,45.4,2024,True
269517,파타솔루션,45.4,2024,True
198042,타차시스템즈,45.4,2024,True
260887,차자마이노베이션,45.3,2024,True
638856,카타아바이오,45.1,2024,True
203166,아파가시스템즈,45.0,2024,True
196958,아자홀딩스,44.6,2024,True
486220,아사카엔터테인먼트,44.4,2024,True
118545,파바솔루션,44.3,2024,True
503703,차아솔루션,44.1,2024,True
393242,자사다홀딩스,43.9,2024,True
268923,다자바이오,43.9,2024,True
316244,가다바이노베이션,43.7,2024,True
790887,차타글로벌,43.5,2024,True
297154,사파이노베이션,43.2,2024,True
174694,파다코퍼레이션,42.4,2024,True
919292,나나파트너스,42.2,2024,True
674203,마사타홀딩스,42.0,2024,True
464884,차가사솔루션,41.7,2024,True
931452,바아파트너스,41.5,2024,True
243351,차가파트너스,41.1,2024,True
599618,다차마파트너스,40.9,2024,True
771670,다다홀딩스,40.8,2024,True
288327,카라글로벌,40.8,2024,True
563007,카아다테크,40.8,2024,True
855546,타자코퍼레이션,40.8,2024,True
942906,바나사홀딩스,40.3,2024,True
930111,가사하시스템즈,40.2,2024,True
972039,카나아홀딩스,39.9,2024,True
236495,사라시스템즈,39.7,2024,True
938007,아바마시스템즈,39.3,2024,True
858161,파타테크,39.2,2024,True
843449,다나바이오,39.0,2024,True
167853,타다차이노베이션,38.6,2024,True
126652,가다바이오,38.5,2024,True
323861,차바엔터테인먼트,38.5,2024,True
240538,다타엔터테인먼트,38.5,2024,True
410899,아아글로벌,38.4,2024,True
645015,카마이노베이션,37.9,2024,True
782973,자파가홀딩스,37.8,2024,True
637398,마사마바이오,37.7,2024,True
565909,다차마홀딩스,36.9,2024,True
879094,카타하코퍼레이션,36.7,2024,True
804900,자카바이오,36.7,2024,True
517279,다나라시스템즈,36.2,2024,True
836549,하아하홀딩스,36.1,2024,True
966185,타카엔터테인먼트,36.0,2024,True
982281,라하글로벌,35.6,2024,True
280924,마사솔루션,35.5,2024,True
323226,아라글로벌,35.1,2024,True
890132,나파시스템즈,35.1,2024,True
596988,차바글로벌,34.9,2024,True
976282,타라엔터테인먼트,34.9,2024,True
622873,타나엔터테인먼트,34.8,2024,True
884179,바타테크,34.3,2024,True
321099,아차바이오,34.0,2024,True
264263,나가차테크,33.7,2024,True
498895,가하카엔터테인먼트,33.6,2024,True
799216,나사카엔터테인먼트,33.5,2024,True
602476,아다아파트너스,33.3,2024,True
163008,아사테크,33.2,2024,True
513734,하파테크,33.2,2024,True
799835,바하바이오,33.1,2024,True
512742,나라바이오,32.6,2024,True
817062,가사차솔루션,31.5,2024,True
793974,다다홀딩스,31.3,2024,True
590859,바마바홀딩스,31.2,2024,True
732016,나바파바이오,31.2,2024,True
967146,바하시스템즈,31.1,2024,True
836641,나가가코퍼레이션,31.1,2024,True
918333,파라엔터테인먼트,31.0,2024,True
583852,다자하파트너스,30.9,2024,True
270115,차파파트너스,30.9,2024,True
244373,타카글로벌,30.5,2024,True
535452,사가다이노베이션,30.5,2024,True
564127,가자나홀딩스,30.1,2024,True
463773,사라카글로벌,30.1,2024,True
875123,사나다글로벌,30.0,2024,True
265301,가마엔터테인먼트,30.0,2024,True
978377,타아이노베이션,29.8,2024,True
407385,카가시스템즈,29.8,2024,True
843167,하사바바이오,29.6,2024,True
908014,카자이노베이션,28.5,2024,True
627833,나나이노베이션,28.4,2024,True
305505,마다하시스템즈,28.4,2024,True
918069,라아솔루션,28.1,2024,True
461573,파바솔루션,28.0,2024,True
346967,차나코퍼레이션,28.0,2024,True
946514,차다파이노베이션,27.4,2024,True
237898,다바타엔터테인먼트,27.4,2024,True
778407,가마파트너스,26.9,2024,True
445423,바하바솔루션,26.7,2024,True
351734,타차나코퍼레이션,26.7,2024,True
420272,사사사엔터테인먼트,26.0,2024,True
924163,바아라코퍼레이션,26.0,2024,True
351756,자사아홀딩스,25.8,2024,True
242256,자라파트너스,25.8,2024,True
654787,카라솔루션,25.6,2024,True
718777,타나아코퍼레이션,25.3,2024,True
378479,차마가바이오,25.2,2024,True
607737,다라솔루션,25.2,2024,True
379001,아차파트너스,24.8,2024,True
268758,아아타엔터테인먼트,24.5,2024,True
404470,하사코퍼레이션,24.5,2024,True
549310,라다솔루션,24.4,2024,True
388977,파가다파트너스,24.4,2024,True
934578,타마아시스템즈,24.3,2024,True
219470,나다테크,24.2,2024,True
204411,나타나엔터테인먼트,24.1,2024,True
268791,사파파트너스,23.6,2024,True
322393,파카다코퍼레이션,23.2,2024,True
191424,하하다이노베이션,23.2,2024,True
844148,가타마파트너스,23.2,2024,True
773744,아나타홀딩스,22.6,2024,True
298809,하바차글로벌,22.2,2024,True
660054,카자하솔루션,22.0,2024,True
860458,차라자이노베이션,22.0,2024,True
561688,파하사시스템즈,21.6,2024,True
754344,마다이노베이션,21.2,2024,True
734229,아카코퍼레이션,21.1,2024,True
755857,마마이노베이션,21.1,2024,True
457277,타아파트너스,20.7,2024,True
175436,타파테크,20.6,2024,True
461796,마라이노베이션,20.3,2024,True
204240,나다차홀딩스,20.3,2024,True
353769,라아홀딩스,20.2,2024,True
740482,마라바엔터테인먼트,20.2,2024,True
527840,자바가시스템즈,20.1,2024,True
737364,아라아바이오,20.0,2024,True
744481,바타솔루션,19.5,2024,True
186049,타카바이오,19.4,2024,True
756477,바다솔루션,19.4,2024,True
322562,사가솔루션,19.3,2024,True
433290,타파시스템즈,18.6,2024,True
171410,아사바이오,18.3,2024,True
419894,하타아솔루션,18.2,2024,True
724508,카자파시스템즈,17.9,2024,True
807767,아아바이오,17.9,2024,True
338754,타바파트너스,17.8,2024,True
507523,마바바이오,17.8,2024,True
636506,아자바엔터테인먼트,17.6,2024,True
597071,파나다파트너스,17.5,2024,True
958038,차라테크,16.6,2024,True
153976,파바카코퍼레이션,16.5,2024,True
434198,사나코퍼레이션,16.4,2024,True
127087,나마바이오,16.4,2024,True
873459,하파가코퍼레이션,16.3,2024,True
696144,아차홀딩스,16.0,2024,True
176738,하타바이오,15.9,2024,True
393428,마차바이오,15.5,2024,True
919350,가아파솔루션,15.4,2024,True
890295,타카가이노베이션,15.2,2024,True
832497,가바코퍼레이션,15.1,2024,True
291276,자자테크,14.9,2024,True
102496,파자홀딩스,14.5,2024,True
778970,아다바이노베이션,14.4,2024,True
540700,하파솔루션,14.4,2024,True
725141,나다카바이오,14.3,2024,True
562121,차라글로벌,14.1,2024,True
875198,파하이노베이션,13.9,2024,True
230252,타차바이오,13.6,2024,True
214499,카파나글로벌,13.2,2024,True
619785,바나가이노베이션,13.2,2024,True
734362,다타시스템즈,12.8,2024,True
873701,바가홀딩스,12.7,2024,True
297296,사차코퍼레이션,12.3,2024,True
415761,타나타글로벌,12.2,2024,True
825702,다자자테크,12.1,2024,True
835050,자아파트너스,11.6,2024,True
128300,마파코퍼레이션,11.5,2024,True
376684,카자글로벌,11.4,2024,True
291376,카차파트너스,11.4,2024,True
407006,하바타바이오,11.2,2024,True
827851,하자자파트너스,11.1,2024,True
610856,파타테크,11.0,2024,True
968454,가파타솔루션,10.9,2024,True
192059,다다나테크,10.8,2024,True
728605,파차바이오,10.8,2024,True
695960,하아바이오,10.7,2024,True
604673,하하카홀딩스,10.5,2024,True
557388,마바엔터테인먼트,10.5,2024,True
434697,다마카솔루션,10.5,2024,True
230940,가라라엔터테인먼트,10.2,2024,True
232430,카타자테크,9.9,2024,True
148215,다하테크,9.8,2024,True
230860,나카바이오,9.7,2024,True
210982,카자차코퍼레이션,9.5,2024,True
143831,다차엔터테인먼트,9.4,2024,True
877382,차가솔루션,9.4,2024,True
210136,자나이노베이션,9.1,2024,True
470425,라바라엔터테인먼트,9.0,2024,True
682735,마아솔루션,8.9,2024,True
387932,차타엔터테인먼트,8.6,2024,True
280274,다사이노베이션,8.5,2024,True
620122,카파시스템즈,8.3,2024,True
794180,파사라시스템즈,8.3,2024,True
358497,다차테크,7.8,2024,True
927367,자가가홀딩스,7.5,2024,True
276730,다마테크,7.4,2024,True
234307,다파바이오,7.3,2024,True
513468,차다하홀딩스,7.1,2024,True
222104,하카바이오,7.1,2024,True
333522,라차카바이오,6.9,2024,True
889471,차차파트너스,6.8,2024,True
817824,마아솔루션,6.6,2024,True
536815,나사바시스템즈,6.3,2024,True
460166,파바파트너스,6.1,2024,True
572926,타아나솔루션,6.0,2024,True
986953,다다시스템즈,5.8,2024,True
975763,아하파트너스,5.7,2024,True
288474,사카코퍼레이션,5.7,2024,True
727878,라나바이오,5.4,2024,True
706403,다파카테크,5.4,2024,True
762184,아나카글로벌,5.3,2024,True
524604,차라이노베이션,5.0,2024,True
225273,사가글로벌,5.0,2024,True
227298,아자마테크,4.9,2024,True
329579,아사아글로벌,4.7,2024,True
884794,다차사글로벌,4.6,2024,True
918551,사나이노베이션,4.5,2024,True
620477,타마라테크,4.5,2024,True
708946,가파파엔터테인먼트,4.3,2024,True
841378,하다글로벌,4.1,2024,True
217644,자나자이노베이션,4.1,2024,True
753419,자나파트너스,4.0,2024,True
523430,라타솔루션,4.0,2024,True
190705,가라아파트너스,3.9,2024,True
728194,차아가솔루션,3.7,2024,True
198136,사카다코퍼레이션,3.2,2024,True
985938,파나자시스템즈,3.1,2024,True
748680,마나사테크,3.1,2024,True
375872,다카사솔루션,3.0,2024,True
783591,하카카테크,2.9,2024,True
704838,파나솔루션,2.7,2024,True
304483,아하홀딩스,2.7,2024,True
178686,사파이노베이션,2.2,2024,True
204480,가가차코퍼레이션,2.2,2024,True
931023,타자코퍼레이션,2.1,2024,True
853270,자가파트너스,1.9,2024,True
701854,나차엔터테인먼트,1.9,2024,True
160563,차파코퍼레이션,1.8,2024,True
262797,마사바글로벌,1.2,2024,True
185992,자카차글로벌,1.2,2024,True
218387,하하파홀딩스,0.8,2024,True
743875,사나파이노베이션,0.4,2024,True
428487,라가코퍼레이션,0.2,2024,True
